{
	"class_name" : "PinholeCameraParameters",
	"extrinsic" : 
	[
		0.99711480898155724,
		0.017569399812844493,
		0.073846962699147631,
		0.0,
		0.0047768742257196274,
		-0.98544060297364766,
		0.16995293314198939,
		0.0,
		0.075757766481757749,
		-0.16910982881296485,
		-0.98268134540986651,
		0.0,
		-94.310367283534248,
		179.74210213146696,
		522.24684824808548,
		1.0
	],
	"intrinsic" : 
	{
		"height" : 1080,
		"intrinsic_matrix" : 
		[
			935.30743608719376,
			0.0,
			0.0,
			0.0,
			935.30743608719376,
			0.0,
			959.5,
			539.5,
			1.0
		],
		"width" : 1920
	},
	"version_major" : 1,
	"version_minor" : 0
}